SL,Source,Link,Reviewer-1-Class-1,Reviewer-2-Class-1,Reviewer-1-Class-2,Reviewer-2-Class-2,Reviewer-1-Class-3,Reviewer-2-Class-3,Reviewer-1-Class-4,Reviewer-2-Class-4,Reviewer-1-Class-5,Reviewer-2-Class-5,Reviewer-1-Class-6,Reviewer-2-Class-6
1,DeepResearch,https://towardsai.net/p/artificial-intelligence/tool-descriptions-are-critical-making-better-llm-tools-research-capability,Purpose,Purpose,Guideline,Guideline,Parameter Explanation,Parameter Explanation,,,,,,
2,DeepResearch,https://www.merge.dev/blog/mcp-best-practices,Purpose,Purpose,Parameter Explanation,Parameter Explanation,Examples,Examples,,,,,,
3,DeepResearch,https://github.com/eonist/conduit/issues/191,Purpose,Purpose,Parameter Explanation,Parameter Explanation,Examples,Examples,Length & Completeness,Length & Completeness,,Limitations,,
4,DeepResearch,https://modelcontextprotocol.info/docs/tutorials/writing-effective-tools,Guidelines,Guidelines,Parameter Explanation,Parameter Explanation,Limitations,Limitations,Length & Completeness,Length & Completeness,,,,
5,DeepResearch,https://speedscale.com/blog/4-tips-for-developing-model-context-protocol-server,Parameter Explanation,Parameter Explanation,,,,,,,,,,
6,DeepResearch,https://www.speakeasy.com/mcp/core-concepts/tools,Purpose,Purpose,,,,,,,,,,
7,DeepResearch,https://medium.com/wpp-ai-research-labs/building-effective-ai-agents-a-guide-to-the-future-of-llms-and-our-proposed-best-practices-06f6ca7c250f,Purpose,Purpose,,,,,,,,,,
8,DeepResearch,https://www.reddit.com/r/mcp/comments/1lq69b3/good_mcp_design_is_understanding_that_every_tool,Purpose,Purpose,Guidelines,Guidelines,,,,,,,,
9,DeepResearch,https://www.reddit.com/r/mcp/comments/1oo39hm/mcp_best_practices_mapping_api_endpoints_to_tool,Lenght and Completeness,Lenght and Completeness,,,,,,,,,,
10,DeepResearch,https://snyk.io/articles/5-best-practices-for-building-mcp-servers/,N/A,N/A,,,,,,,,,,
11,DeepResearch,https://www.reddit.com/r/mcp/comments/1k63fsc/how_to_improve_tool_descriptions_to_get_a_server,N/A,N/A,,,,,,,,,,
12,DeepResearch,https://link.springer.com/article/10.1007/s41019-025-00296-9,Purpose,Purpose,Parameter Explanation,Parameter Explanation,Examples,Examples,,,,,,
13,DeepResearch,https://arxiv.org/abs/2308.00675,N/A,N/A,,,,,,,,,,
14,DeepResearch,https://arxiv.org/abs/2307.16789,Purpose,N/A,Parameter Explanation,N/A,Examples,N/A,,,,,,
15,DeepResearch,https://www.anthropic.com/engineering/writing-tools-for-agents,Purpose,Purpose,Parameter Explanation,Parameter Explanation,Examples,Examples,Guidelines,Guidelines,,,,